
{
    "votes": [
        {
            "id":0,
            "title":"Voting",
            "contents":[
                {"id":0,"subject":"Color Run0","voter":"lib/img/emma.png", "time":"2h53min","comments":"Actually i love skiing better."},
                {"id":1,"subject":"Color Run1","voter":"lib/img/george.png", "time":"2h53min","comments":"What do you prefer to do on TB ?"},
                {"id":8,"subject":"Color Run8","voter":"lib/img/kunis.png", "time":"2h53min","comments":"I'd like to inform you our boss will deliver 2014 H2 Open house."},
                {"id":9,"subject":"Color Run9","voter":"lib/img/robert.png", "time":"2h53min","comments":"Actually i love skiing better."},
                {"id":10,"subject":"Color Run10","voter":"lib/img/ryan.png", "time":"2h53min","comments":"Actually i love skiing better."},
                {"id":2,"subject":"Color Run2","voter":"lib/img/scarlet.png", "time":"2h53min","comments":"I'd like to inform you our boss will deliver 2014 H2 Open house."},
                {"id":3,"subject":"Color Run3","voter":"lib/img/george.png", "time":"2h53min","comments":"Actually i love skiing better."},
                {"id":4,"subject":"Color Run4","voter":"lib/img/kunis.png", "time":"2h53min","comments":"I'd like to inform you our boss will deliver 2014 H2 Open house."},
                {"id":5,"subject":"Color Run5","voter":"lib/img/robert.png", "time":"2h53min","comments":"Actually i love skiing better."},
                {"id":6,"subject":"Color Run6","voter":"lib/img/ryan.png", "time":"2h53min","comments":"Actually i love skiing better."},
                {"id":7,"subject":"Color Run7","voter":"lib/img/scarlet.png", "time":"2h53min","comments":"I'd like to inform you our boss will deliver 2014 H2 Open house."},
                {"id":11,"subject":"Color Run11","voter":"lib/img/emma.png", "time":"2h53min","comments":"Actually i love skiing better."}
            ]
        },
        {
            "id":1,
            "title":"MyVote",
            "contents":[
                {"id":0,"subject":"Color Run","voter":"lib/img/ryan.png", "time":"2h53min","comments":"Actually i love skiing better."},
                {"id":1,"subject":"Color Run","voter":"lib/img/george.png", "time":"2h53min","comments":"I'd like to inform you our boss will deliver 2014 H2 Open house."},
                {"id":2,"subject":"Color Run","voter":"lib/img/emma.png", "time":"2h53min","comments":"I'd like to inform you our boss will deliver 2014 H2 Open house."},
                {"id":3,"subject":"Color Run","voter":"lib/img/scarlet.png", "time":"2h53min","comments":"I'd like to inform you our boss will deliver 2014 H2 Open house."}
            ]
        }
    ]
}


